<resources xmlns:tools="http://schemas.android.com/tools">
    <!-- Application theme for dark theme. -->
    <style name="Theme.TipTime" parent="Theme.MaterialComponents.DayNight.DarkActionBar">
        <!-- Primary brand color. -->
        <item name="colorPrimary">@color/green_light</item>
        <item name="colorPrimaryVariant">@color/green</item>
        <item name="colorOnPrimary">@color/black</item>
        <!-- Secondary brand color. -->
        <item name="colorSecondary">@color/blue_light</item>
        <item name="colorSecondaryVariant">@color/blue_light</item>
        <item name="colorOnSecondary">@color/black</item>
        <!-- Status bar color. -->
        <item name="android:statusBarColor" tools:targetApi="l">?attr/colorPrimaryVariant</item>
        <!-- Customize your theme here. -->
    </style>
</resources>